filename,width,height,class,xmin,ymin,xmax,ymax
aufac.png,200,70,a,28,23,52,50
aufac.png,200,70,a,101,37,124,66
aufac.png,200,70,u,55,26,81,58
aufac.png,200,70,f,82,22,100,65
aufac.png,200,70,c,127,35,150,68
aywxh.png,200,70,a,27,30,53,56
aywxh.png,200,70,x,126,30,151,61
aywxh.png,200,70,y,52,26,80,64
aywxh.png,200,70,w,82,23,122,53
aywxh.png,200,70,h,154,25,178,66
avjaa.png,200,70,a,29,32,50,60
avjaa.png,200,70,a,96,25,117,52
avjaa.png,200,70,a,120,27,147,59
avjaa.png,200,70,v,53,26,81,58
avjaa.png,200,70,j,82,13,99,64
hlawf.png,200,70,h,29,15,55,52
hlawf.png,200,70,l,56,11,69,53
hlawf.png,200,70,a,69,25,95,54
hlawf.png,200,70,w,95,29,133,56
hlawf.png,200,70,f,135,25,155,66
crqxj.png,200,70,c,28,23,52,54
crqxj.png,200,70,r,51,22,71,54
crqxj.png,200,70,q,72,25,99,66
crqxj.png,200,70,x,99,30,128,63
crqxj.png,200,70,j,129,24,144,70
aqfvx.png,200,70,a,27,26,53,55
aqfvx.png,200,70,q,54,24,79,63
aqfvx.png,200,70,f,82,11,99,54
aqfvx.png,200,70,v,98,28,126,55
aqfvx.png,200,70,x,127,32,160,66
ctwah.png,200,70,c,29,29,53,60
ctwah.png,200,70,t,52,18,68,55
ctwah.png,200,70,w,70,25,107,52
ctwah.png,200,70,a,109,30,132,58
ctwah.png,200,70,h,134,21,161,65
fjcix.png,200,70,f,30,17,47,56
fjcix.png,200,70,j,49,13,61,64
fjcix.png,200,70,c,62,25,84,51
fjcix.png,200,70,i,85,12,96,52
fjcix.png,200,70,x,97,27,126,56
dywpq.png,200,70,d,30,27,54,65
dywpq.png,200,70,y,58,32,82,70
dywpq.png,200,70,w,84,27,121,55
dywpq.png,200,70,p,126,25,149,62
dywpq.png,200,70,q,151,27,174,68
aoxyw.png,200,70,a,28,37,52,66
aoxyw.png,200,70,o,54,33,79,66
aoxyw.png,200,70,x,80,29,107,58
aoxyw.png,200,70,y,108,24,138,62
aoxyw.png,200,70,w,140,24,176,53
aowya.png,200,70,a,27,35,52,65
aowya.png,200,70,o,54,29,81,59
aowya.png,200,70,w,79,23,117,53
aowya.png,200,70,y,118,23,147,62
aowya.png,200,70,w,149,27,186,57
fqric.png,200,70,f,29,13,49,55
fqric.png,200,70,q,48,25,74,61
fqric.png,200,70,r,74,24,94,52
fqric.png,200,70,i,95,16,108,58
fqric.png,200,70,c,107,30,130,62
bukma.png,200,70,b,29,9,54,50
bukma.png,200,70,u,54,24,82,53
bukma.png,200,70,k,82,19,111,64
bukma.png,200,70,m,113,35,153,67
bukma.png,200,70,a,153,36,180,64
auhuy.png,200,70,a,28,33,52,61
auhuy.png,200,70,u,55,27,80,57
auhuy.png,200,70,u,109,22,138,54
auhuy.png,200,70,h,81,11,106,54
auhuy.png,200,70,y,137,28,162,68
hbhwd.png,200,70,h,29,24,53,68
hbhwd.png,200,70,b,57,22,81,61
hbhwd.png,200,70,h,83,19,107,56
hbhwd.png,200,70,w,108,24,149,53
hbhwd.png,200,70,d,150,13,176,56
dnxsa.png,200,70,d,29,27,53,67
dnxsa.png,200,70,n,55,33,83,60
dnxsa.png,200,70,x,85,28,112,56
dnxsa.png,200,70,s,114,24,132,52
dnxsa.png,200,70,a,132,25,159,53
arpay.png,200,70,a,27,25,53,52
arpay.png,200,70,a,100,33,126,63
arpay.png,200,70,r,54,24,73,54
arpay.png,200,70,p,76,26,99,68
arpay.png,200,70,y,125,37,153,70
blljm.png,200,70,b,30,9,52,51
blljm.png,200,70,l,55,14,69,56
blljm.png,200,70,l,69,14,83,59
blljm.png,200,70,j,83,17,98,68
blljm.png,200,70,m,98,34,141,66
asfcx.png,200,70,a,30,24,51,53
asfcx.png,200,70,s,54,22,73,54
asfcx.png,200,70,f,72,16,92,60
asfcx.png,200,70,c,90,30,113,63
asfcx.png,200,70,x,114,37,144,67
dcoja.png,200,70,d,29,26,55,63
dcoja.png,200,70,c,56,28,79,59
dcoja.png,200,70,o,76,27,103,54
dcoja.png,200,70,j,103,12,117,61
dcoja.png,200,70,a,116,24,140,53
dwshr.png,200,70,d,29,15,52,53
dwshr.png,200,70,w,57,24,94,52
dwshr.png,200,70,s,96,31,114,59
dwshr.png,200,70,h,115,23,138,64
dwshr.png,200,70,r,140,40,162,65
hafsc.png,200,70,h,30,12,54,52
hafsc.png,200,70,a,55,29,80,59
hafsc.png,200,70,f,82,18,100,66
hafsc.png,200,70,s,100,35,121,66
hafsc.png,200,70,c,119,37,144,66
frdpu.png,200,70,f,30,13,47,54
frdpu.png,200,70,r,46,24,68,50
frdpu.png,200,70,d,69,11,94,55
frdpu.png,200,70,p,97,27,122,69
frdpu.png,200,70,u,121,34,152,66
dxqku.png,200,70,d,29,15,55,52
dxqku.png,200,70,x,57,27,84,51
dxqku.png,200,70,q,87,28,113,68
dxqku.png,200,70,k,113,21,140,64
dxqku.png,200,70,u,143,38,169,66
cjjml.png,200,70,c,28,36,52,67
cjjml.png,200,70,j,52,16,66,70
cjjml.png,200,70,j,66,16,80,70
cjjml.png,200,70,m,79,26,121,55
cjjml.png,200,70,l,120,11,135,54
cjaan.png,200,70,c,29,33,53,64
cjaan.png,200,70,j,52,17,64,67
cjaan.png,200,70,a,65,26,86,55
cjaan.png,200,70,a,89,24,112,52
cjaan.png,200,70,n,116,25,144,57
djuyp.png,200,70,d,29,26,55,67
djuyp.png,200,70,j,56,21,69,68
djuyp.png,200,70,u,70,29,97,56
djuyp.png,200,70,y,97,24,124,62
djuyp.png,200,70,p,125,23,150,61
fxndc.png,200,70,f,30,12,48,51
fxndc.png,200,70,x,50,26,79,54
fxndc.png,200,70,n,79,29,108,61
fxndc.png,200,70,d,109,22,134,67
fxndc.png,200,70,c,135,37,159,67
ftarj.png,200,70,f,30,20,48,58
ftarj.png,200,70,t,49,22,65,57
ftarj.png,200,70,a,66,24,88,52
ftarj.png,200,70,r,89,23,111,54
ftarj.png,200,70,j,112,13,126,62
bpayq.png,200,70,b,30,20,53,63
bpayq.png,200,70,p,55,30,81,67
bpayq.png,200,70,a,81,24,103,53
bpayq.png,200,70,y,107,21,130,63
bpayq.png,200,70,q,133,25,162,66
aoaxa.png,200,70,a,28,38,53,66
aoaxa.png,200,70,a,78,29,101,55
aoaxa.png,200,70,a,134,25,157,52
aoaxa.png,200,70,o,53,33,79,65
aoaxa.png,200,70,x,105,25,134,54
baiwd.png,200,70,b,30,11,55,51
baiwd.png,200,70,a,54,24,77,53
baiwd.png,200,70,i,78,16,94,58
baiwd.png,200,70,w,93,31,132,58
baiwd.png,200,70,d,133,26,159,68
bcppf.png,200,70,b,30,20,54,60
bcppf.png,200,70,c,55,26,76,58
bcppf.png,200,70,p,77,22,101,62
bcppf.png,200,70,p,103,21,127,61
bcppf.png,200,70,f,130,15,148,60
ipmra.png,200,70,i,29,25,41,65
ipmra.png,200,70,p,44,36,66,70
ipmra.png,200,70,m,68,31,107,61
ipmra.png,200,70,r,108,26,129,57
ipmra.png,200,70,a,129,24,154,53
dmlap.png,200,70,d,29,15,55,54
dmlap.png,200,70,m,56,25,96,55
dmlap.png,200,70,l,95,15,112,58
dmlap.png,200,70,a,112,32,137,61
dmlap.png,200,70,p,139,38,162,70
itnub.png,200,70,i,30,13,39,54
itnub.png,200,70,t,42,19,56,55
itnub.png,200,70,n,61,23,86,54
itnub.png,200,70,u,87,23,117,58
itnub.png,200,70,b,116,16,141,62
awnsl.png,200,70,a,27,30,53,62
awnsl.png,200,70,l,141,16,155,60
awnsl.png,200,70,n,94,24,121,54
awnsl.png,200,70,w,55,22,91,55
awnsl.png,200,70,s,121,27,143,58
dkido.png,200,70,d,29,18,54,57
dkido.png,200,70,k,57,13,82,53
dkido.png,200,70,i,83,12,97,54
dkido.png,200,70,d,98,10,123,59
dkido.png,200,70,o,123,32,150,62
dulru.png,200,70,d,29,26,54,65
dulru.png,200,70,u,57,31,84,58
dulru.png,200,70,l,84,13,96,52
dulru.png,200,70,r,98,24,117,54
dulru.png,200,70,u,120,24,146,53
apchj.png,200,70,a,27,30,51,58
apchj.png,200,70,p,54,25,79,63
apchj.png,200,70,c,80,23,102,55
apchj.png,200,70,h,102,13,128,56
apchj.png,200,70,j,131,17,145,67
aptmu.png,200,70,a,27,24,52,52
aptmu.png,200,70,p,56,22,79,62
aptmu.png,200,70,t,81,20,99,57
aptmu.png,200,70,m,100,31,139,66
aptmu.png,200,70,u,142,36,168,69
brtiy.png,200,70,b,29,15,55,54
brtiy.png,200,70,r,54,23,74,55
brtiy.png,200,70,t,75,17,94,52
brtiy.png,200,70,i,92,11,108,57
brtiy.png,200,70,y,106,27,131,66
hcmhu.png,200,70,h,30,23,54,61
hcmhu.png,200,70,c,56,28,78,57
hcmhu.png,200,70,m,79,25,120,52
hcmhu.png,200,70,h,120,13,146,58
hcmhu.png,200,70,u,148,31,175,60
fijvx.png,200,70,f,30,26,46,63
fijvx.png,200,70,i,49,25,59,63
fijvx.png,200,70,j,61,21,73,70
fijvx.png,200,70,v,75,27,102,60
fijvx.png,200,70,x,104,26,132,52
asbpy.png,200,70,a,26,22,50,53
asbpy.png,200,70,s,53,27,72,59
asbpy.png,200,70,b,72,18,98,64
asbpy.png,200,70,p,100,36,125,70
asbpy.png,200,70,y,124,37,153,70
hiccd.png,200,70,h,30,26,54,64
hiccd.png,200,70,i,56,19,67,59
hiccd.png,200,70,c,68,29,88,57
hiccd.png,200,70,c,90,26,111,52
hiccd.png,200,70,d,114,13,137,51
cpaar.png,200,70,c,29,32,53,63
cpaar.png,200,70,p,54,28,76,66
cpaar.png,200,70,a,77,24,102,54
cpaar.png,200,70,a,101,25,124,55
cpaar.png,200,70,r,127,26,146,59
fxvya.png,200,70,f,28,12,48,53
fxvya.png,200,70,x,49,26,78,59
fxvya.png,200,70,v,81,31,105,59
fxvya.png,200,70,y,106,37,133,70
fxvya.png,200,70,a,135,37,160,65
aurhx.png,200,70,a,28,25,55,53
aurhx.png,200,70,u,54,24,82,58
aurhx.png,200,70,r,80,30,102,60
aurhx.png,200,70,h,103,24,127,67
aurhx.png,200,70,x,131,39,160,66
hfrvq.png,200,70,h,30,23,54,61
hfrvq.png,200,70,f,55,17,75,56
hfrvq.png,200,70,r,74,26,94,52
hfrvq.png,200,70,v,96,25,124,52
hfrvq.png,200,70,q,126,26,149,64
bwauk.png,200,70,b,29,11,54,56
bwauk.png,200,70,w,54,23,90,52
bwauk.png,200,70,a,95,29,117,61
bwauk.png,200,70,u,121,33,149,64
bwauk.png,200,70,k,150,27,174,68
cjsmc.png,200,70,c,28,28,52,59
cjsmc.png,200,70,j,51,12,65,62
cjsmc.png,200,70,s,64,23,83,53
cjsmc.png,200,70,m,83,24,125,56
cjsmc.png,200,70,c,126,32,150,64
dauwt.png,200,70,t,149,31,170,68
dauwt.png,200,70,w,109,31,146,63
dauwt.png,200,70,u,80,26,109,57
dauwt.png,200,70,a,54,24,76,54
dauwt.png,200,70,d,27,13,53,54
fuaia.png,200,70,f,30,11,48,52
fuaia.png,200,70,u,49,22,74,54
fuaia.png,200,70,a,77,29,98,58
fuaia.png,200,70,i,100,20,114,62
fuaia.png,200,70,a,112,36,137,65
cupfi.png,200,70,c,28,32,52,63
cupfi.png,200,70,u,52,28,78,59
cupfi.png,200,70,p,78,24,105,62
cupfi.png,200,70,f,104,6,123,51
cupfi.png,200,70,i,124,14,137,54
hdtak.png,200,70,h,30,15,52,55
hdtak.png,200,70,d,56,13,83,53
hdtak.png,200,70,t,84,19,101,55
hdtak.png,200,70,a,101,30,127,60
hdtak.png,200,70,k,126,21,155,64
dnshr.png,200,70,d,29,14,52,54
dnshr.png,200,70,n,56,24,81,54
dnshr.png,200,70,s,83,29,102,57
dnshr.png,200,70,h,102,19,127,61
dnshr.png,200,70,r,130,37,151,66
avjjh.png,200,70,a,27,41,54,66
avjjh.png,200,70,v,55,34,82,65
avjjh.png,200,70,j,82,21,98,68
avjjh.png,200,70,j,96,19,112,66
avjjh.png,200,70,h,110,14,140,56
appln.png,200,70,a,29,27,51,52
appln.png,200,70,l,105,15,121,61
appln.png,200,70,p,55,24,76,61
appln.png,200,70,p,79,25,103,65
appln.png,200,70,n,121,34,151,66
awuqi.png,200,70,a,28,22,51,54
awuqi.png,200,70,w,57,22,89,56
awuqi.png,200,70,u,96,31,122,62
awuqi.png,200,70,q,124,37,148,70
awuqi.png,200,70,i,148,25,163,66
ffwaa.png,200,70,f,29,11,48,51
ffwaa.png,200,70,f,49,12,67,54
ffwaa.png,200,70,w,69,30,106,56
ffwaa.png,200,70,a,107,39,130,64
ffwaa.png,200,70,a,131,40,154,66
anuaf.png,200,70,a,26,25,50,52
anuaf.png,200,70,a,111,36,134,67
anuaf.png,200,70,n,51,27,81,58
anuaf.png,200,70,u,81,31,110,62
anuaf.png,200,70,f,135,24,153,66
ctxlk.png,200,70,c,28,29,52,60
ctxlk.png,200,70,t,52,21,68,60
ctxlk.png,200,70,x,69,26,98,52
ctxlk.png,200,70,l,100,10,115,52
ctxlk.png,200,70,k,115,12,144,58
fwaai.png,200,70,f,30,13,49,52
fwaai.png,200,70,w,48,24,87,53
fwaai.png,200,70,a,88,26,112,57
fwaai.png,200,70,a,114,32,136,62
fwaai.png,200,70,i,137,24,152,65
cjjmb.png,200,70,c,29,39,51,68
cjjmb.png,200,70,j,52,23,64,70
cjjmb.png,200,70,j,66,19,77,67
cjjmb.png,200,70,m,80,24,122,58
cjjmb.png,200,70,b,123,11,147,53
iuxtk.png,200,70,i,28,25,41,65
iuxtk.png,200,70,u,41,38,70,67
iuxtk.png,200,70,x,71,34,100,63
iuxtk.png,200,70,t,100,23,118,59
iuxtk.png,200,70,k,117,13,147,53
hyiud.png,200,70,b,29,23,54,63
hyiud.png,200,70,y,56,29,81,68
hyiud.png,200,70,i,82,14,94,53
hyiud.png,200,70,u,95,23,124,52
hyiud.png,200,70,d,125,12,148,56
djwjb.png,200,70,d,29,25,55,66
djwjb.png,200,70,j,56,18,69,70
djwjb.png,200,70,w,71,25,107,54
djwjb.png,200,70,j,110,13,124,60
djwjb.png,200,70,b,125,10,151,56
canlu.png,200,70,c,30,28,52,57
canlu.png,200,70,a,52,25,74,52
canlu.png,200,70,n,74,23,102,54
canlu.png,200,70,l,105,12,119,62
canlu.png,200,70,u,120,32,146,61
hlnaw.png,200,70,h,29,26,55,63
hlnaw.png,200,70,l,56,19,70,57
hlnaw.png,200,70,n,70,29,96,56
hlnaw.png,200,70,a,98,25,124,51
hlnaw.png,200,70,w,124,23,162,51
cssmk.png,200,70,c,28,29,52,60
cssmk.png,200,70,s,50,23,69,56
cssmk.png,200,70,s,69,22,88,55
cssmk.png,200,70,m,89,24,127,57
cssmk.png,200,70,k,128,17,159,63
catia.png,200,70,c,29,23,51,52
catia.png,200,70,a,51,25,74,53
catia.png,200,70,a,106,33,128,61
catia.png,200,70,t,77,19,95,58
catia.png,200,70,i,93,18,106,62
atjbc.png,200,70,a,28,38,54,67
atjbc.png,200,70,t,55,30,71,65
atjbc.png,200,70,j,71,20,86,69
atjbc.png,200,70,h,86,19,113,58
atjbc.png,200,70,c,111,21,135,53
hsaaj.png,200,70,h,30,11,52,52
hsaaj.png,200,70,s,55,24,75,53
hsaaj.png,200,70,a,75,27,99,57
hsaaj.png,200,70,a,99,32,124,60
hsaaj.png,200,70,j,126,24,138,70
hsdaf.png,200,70,h,29,13,54,51
hsdaf.png,200,70,s,56,29,73,57
hsdaf.png,200,70,d,77,21,100,64
hsdaf.png,200,70,a,103,39,124,65
hsdaf.png,200,70,f,127,25,146,66
apcpc.png,200,70,a,28,25,49,52
apcpc.png,200,70,p,56,25,78,63
apcpc.png,200,70,p,104,37,127,70
apcpc.png,200,70,c,80,33,103,62
apcpc.png,200,70,c,130,37,150,68
amrif.png,200,70,a,30,30,51,59
amrif.png,200,70,m,53,24,93,55
amrif.png,200,70,r,95,24,116,53
amrif.png,200,70,i,116,15,131,58
amrif.png,200,70,f,130,16,149,62
danfr.png,200,70,d,28,12,55,53
danfr.png,200,70,a,56,27,77,55
danfr.png,200,70,n,81,33,107,64
danfr.png,200,70,f,109,24,126,65
danfr.png,200,70,r,126,38,148,67
avunf.png,200,70,a,27,39,55,65
avunf.png,200,70,n,111,23,136,54
avunf.png,200,70,v,54,30,81,66
avunf.png,200,70,u,82,21,111,58
avunf.png,200,70,f,139,11,158,55
dvqsf.png,200,70,d,29,13,52,52
dvqsf.png,200,70,v,58,26,82,53
dvqsf.png,200,70,q,85,30,108,68
dvqsf.png,200,70,s,110,36,127,64
dvqsf.png,200,70,f,130,26,144,65
fwofb.png,200,70,f,27,18,50,59
fwofb.png,200,70,w,48,22,88,57
fwofb.png,200,70,o,89,22,113,56
fwofb.png,200,70,f,114,14,133,57
fwofb.png,200,70,b,133,16,156,61
bawlp.png,200,70,b,31,24,54,65
bawlp.png,200,70,a,54,35,79,62
bawlp.png,200,70,w,79,23,119,59
bawlp.png,200,70,l,119,9,136,53
bawlp.png,200,70,p,135,23,161,61
drabj.png,200,70,d,30,26,55,68
drabj.png,200,70,r,55,36,77,63
drabj.png,200,70,a,76,33,101,59
drabj.png,200,70,b,101,15,128,55
drabj.png,200,70,j,129,12,142,60
arcli.png,200,70,a,29,21,50,54
arcli.png,200,70,l,96,23,112,67
arcli.png,200,70,r,53,24,74,60
arcli.png,200,70,c,73,31,97,61
arcli.png,200,70,i,111,26,125,67
dussk.png,200,70,d,29,23,53,61
dussk.png,200,70,u,58,26,81,56
dussk.png,200,70,s,84,25,100,52
dussk.png,200,70,s,102,25,119,53
dussk.png,200,70,k,120,14,148,57
caplx.png,200,70,c,29,28,51,57
caplx.png,200,70,a,52,25,73,50
caplx.png,200,70,p,75,23,101,62
caplx.png,200,70,l,101,14,117,59
caplx.png,200,70,x,118,33,147,64
asruw.png,200,70,a,29,36,53,65
asruw.png,200,70,s,53,30,71,63
asruw.png,200,70,r,72,27,93,57
asruw.png,200,70,u,94,26,123,56
asruw.png,200,70,w,121,23,160,52
hlyaf.png,200,70,h,30,13,53,52
hlyaf.png,200,70,l,56,7,68,55
hlyaf.png,200,70,y,70,26,96,64
hlyaf.png,200,70,a,98,31,124,65
hlyaf.png,200,70,f,124,23,142,67
chvid.png,200,70,c,29,33,53,64
chvid.png,200,70,h,52,13,75,58
chvid.png,200,70,v,78,23,105,54
chvid.png,200,70,i,106,11,118,55
chvid.png,200,70,d,119,12,146,58
dbxxm.png,200,70,d,29,27,54,65
dbxxm.png,200,70,b,56,17,82,58
dbxxm.png,200,70,x,82,27,112,54
dbxxm.png,200,70,x,113,26,142,54
dbxxm.png,200,70,m,144,28,185,65
bhaaj.png,200,70,b,31,24,53,65
bhaaj.png,200,70,h,56,23,81,59
bhaaj.png,200,70,a,82,26,106,56
bhaaj.png,200,70,a,104,22,132,52
bhaaj.png,200,70,j,132,12,147,61
crfdu.png,200,70,c,29,31,53,62
crfdu.png,200,70,r,51,29,72,59
crfdu.png,200,70,f,73,14,90,53
crfdu.png,200,70,d,91,12,115,53
crfdu.png,200,70,u,118,23,145,55
hoscl.png,200,70,h,30,18,53,55
hoscl.png,200,70,o,55,25,79,52
hoscl.png,200,70,s,80,25,99,54
hoscl.png,200,70,c,100,27,122,56
hoscl.png,200,70,l,121,17,137,60
cavfb.png,200,70,c,29,23,51,52
cavfb.png,200,70,a,51,25,74,53
cavfb.png,200,70,v,76,28,103,57
cavfb.png,200,70,f,103,20,124,66
cavfb.png,200,70,b,124,25,150,65
axvky.png,200,70,a,27,24,51,52
axvky.png,200,70,x,54,24,81,54
axvky.png,200,70,v,86,29,110,56
axvky.png,200,70,k,113,23,139,67
axvky.png,200,70,y,143,37,170,70
bkuct.png,200,70,b,31,22,52,61
bkuct.png,200,70,k,56,18,81,57
bkuct.png,200,70,u,85,20,112,53
bkuct.png,200,70,c,111,22,135,54
bkuct.png,200,70,t,133,21,157,58
dhaxa.png,200,70,d,28,14,52,51
dhaxa.png,200,70,h,56,15,81,58
dhaxa.png,200,70,a,82,31,107,61
dhaxa.png,200,70,x,109,39,140,65
dhaxa.png,200,70,a,137,39,165,65
fuhua.png,200,70,f,30,11,48,51
fuhua.png,200,70,u,51,24,75,54
fuhua.png,200,70,h,77,14,103,60
fuhua.png,200,70,u,104,35,131,62
fuhua.png,200,70,a,131,38,154,66
frfya.png,200,70,f,29,25,47,65
frfya.png,200,70,r,47,34,67,66
frfya.png,200,70,f,71,17,87,59
frfya.png,200,70,y,89,23,115,65
frfya.png,200,70,a,115,24,142,53
htaoa.png,200,70,h,30,20,55,60
htaoa.png,200,70,t,56,20,74,55
htaoa.png,200,70,a,74,26,96,51
htaoa.png,200,70,o,101,24,124,54
htaoa.png,200,70,a,125,30,148,59
brbbs.png,200,70,b,30,22,54,69
brbbs.png,200,70,b,77,17,102,58
brbbs.png,200,70,b,102,12,129,55
brbbs.png,200,70,r,55,34,75,62
brbbs.png,200,70,s,130,23,147,54
hmfra.png,200,70,h,29,11,52,54
hmfra.png,200,70,m,57,25,98,57
hmfra.png,200,70,f,99,19,117,62
hmfra.png,200,70,r,118,36,136,66
hmfra.png,200,70,a,139,40,163,67
ikacj.png,200,70,i,30,25,40,65
ikacj.png,200,70,k,42,27,69,66
ikacj.png,200,70,a,69,34,93,61
ikacj.png,200,70,c,93,28,117,59
ikacj.png,200,70,j,119,12,130,63
caxir.png,200,70,c,29,40,49,66
caxir.png,200,70,a,51,38,77,65
caxir.png,200,70,x,79,32,105,60
caxir.png,200,70,i,108,15,119,54
caxir.png,200,70,r,120,24,140,53
ihdco.png,200,70,i,28,24,41,65
ihdco.png,200,70,h,42,28,66,65
ihdco.png,200,70,d,69,24,93,65
ihdco.png,200,70,c,96,29,116,60
ihdco.png,200,70,o,119,26,144,54
amaqd.png,200,70,a,29,37,51,64
amaqd.png,200,70,a,95,24,122,53
amaqd.png,200,70,m,53,28,94,58
amaqd.png,200,70,q,122,24,147,62
amaqd.png,200,70,d,148,13,174,60
dsaul.png,200,70,d,30,12,52,52
dsaul.png,200,70,s,55,26,73,53
dsaul.png,200,70,a,74,30,100,59
dsaul.png,200,70,u,101,34,128,65
dsaul.png,200,70,l,127,26,142,66
fioyt.png,200,70,f,29,12,47,51
fioyt.png,200,70,i,48,11,60,51
fioyt.png,200,70,o,60,25,84,53
fioyt.png,200,70,y,86,29,111,66
fioyt.png,200,70,t,113,28,132,63
ijxuh.png,200,70,i,29,17,41,56
ijxuh.png,200,70,j,42,12,54,61
ijxuh.png,200,70,x,55,24,85,52
ijxuh.png,200,70,u,87,22,113,54
ijxuh.png,200,70,h,114,19,141,64
inmin.png,200,70,i,31,11,40,49
inmin.png,200,70,n,42,25,69,55
inmin.png,200,70,m,69,30,110,62
inmin.png,200,70,i,112,25,124,65
inmin.png,200,70,n,123,38,152,67
ctywn.png,200,70,c,28,36,52,67
ctywn.png,200,70,t,53,28,69,65
ctywn.png,200,70,y,69,30,96,67
ctywn.png,200,70,w,97,24,135,52
ctywn.png,200,70,n,137,26,165,55
hskmt.png,200,70,h,29,12,54,52
hskmt.png,200,70,s,56,27,73,59
hskmt.png,200,70,k,75,18,102,62
hskmt.png,200,70,m,102,39,143,64
hskmt.png,200,70,t,146,32,164,67
dfwtf.png,200,70,d,29,13,55,54
dfwtf.png,200,70,f,56,11,74,55
dfwtf.png,200,70,w,75,30,112,56
dfwtf.png,200,70,t,114,30,134,67
dfwtf.png,200,70,f,134,25,152,67
aodxy.png,200,70,a,28,23,51,52
aodxy.png,200,70,o,53,23,78,54
aodxy.png,200,70,d,79,14,106,60
aodxy.png,200,70,x,108,31,136,65
aodxy.png,200,70,y,138,38,164,70
cyjsn.png,200,70,c,29,36,52,68
cyjsn.png,200,70,y,51,32,77,70
cyjsn.png,200,70,j,79,15,92,67
cyjsn.png,200,70,s,91,25,111,56
cyjsn.png,200,70,n,110,22,139,53
fjcfq.png,200,70,f,29,13,48,53
fjcfq.png,200,70,j,49,11,62,58
fjcfq.png,200,70,c,62,24,84,50
fjcfq.png,200,70,f,85,14,102,57
fjcfq.png,200,70,q,104,33,128,70
hluwu.png,200,70,h,29,25,53,66
hluwu.png,200,70,l,55,24,70,63
hluwu.png,200,70,u,69,31,100,60
hluwu.png,200,70,w,98,25,136,53
hluwu.png,200,70,u,140,22,167,52
hnnah.png,200,70,h,30,16,54,55
hnnah.png,200,70,n,58,25,82,53
hnnah.png,200,70,n,85,25,110,55
hnnah.png,200,70,a,112,30,135,61
hnnah.png,200,70,h,137,23,162,65
arkuy.png,200,70,a,28,33,52,61
arkuy.png,200,70,r,54,26,73,57
arkuy.png,200,70,k,73,13,104,54
arkuy.png,200,70,u,104,23,132,54
arkuy.png,200,70,y,132,28,159,68
bwmnv.png,200,70,b,29,10,56,53
bwmnv.png,200,70,w,57,23,91,54
bwmnv.png,200,70,m,96,31,135,65
bwmnv.png,200,70,n,138,38,164,66
bwmnv.png,200,70,v,166,34,194,67
iqyaj.png,200,70,i,29,17,40,59
iqyaj.png,200,70,q,40,27,67,70
iqyaj.png,200,70,y,68,23,94,64
iqyaj.png,200,70,a,93,23,119,55
iqyaj.png,200,70,j,121,16,135,64
bbhdb.png,200,70,b,31,11,54,53
bbhdb.png,200,70,b,137,23,160,65
bbhdb.png,200,70,b,57,13,80,55
bbhdb.png,200,70,h,82,17,109,64
bbhdb.png,200,70,d,110,22,133,68
atblh.png,200,70,a,29,38,52,67
atblh.png,200,70,l,96,13,113,55
atblh.png,200,70,t,54,31,70,66
atblh.png,200,70,b,71,18,96,59
atblh.png,200,70,h,112,12,140,55
dhamc.png,200,70,d,28,12,54,53
dhamc.png,200,70,h,56,14,82,56
dhamc.png,200,70,a,82,32,107,61
dhamc.png,200,70,m,110,36,148,66
dhamc.png,200,70,c,151,36,174,67
fpxpx.png,200,70,f,29,24,48,67
fpxpx.png,200,70,p,50,40,73,70
fpxpx.png,200,70,x,75,33,105,61
fpxpx.png,200,70,p,107,28,130,66
fpxpx.png,200,70,x,134,27,160,52
apthl.png,200,70,a,29,22,50,56
apthl.png,200,70,l,124,21,140,65
apthl.png,200,70,p,55,23,80,64
apthl.png,200,70,t,79,22,99,59
apthl.png,200,70,h,96,19,124,63
imtvk.png,200,70,j,30,11,42,52
imtvk.png,200,70,m,41,23,83,60
imtvk.png,200,70,t,82,24,102,63
imtvk.png,200,70,v,100,35,125,66
imtvk.png,200,70,k,128,26,157,66
iqffw.png,200,70,i,28,11,40,52
iqffw.png,200,70,q,41,21,68,62
iqffw.png,200,70,f,69,15,85,58
iqffw.png,200,70,f,85,16,105,64
iqffw.png,200,70,w,105,35,145,66
iqtka.png,200,70,i,30,25,41,65
iqtka.png,200,70,q,41,37,65,70
iqtka.png,200,70,t,64,27,85,62
iqtka.png,200,70,k,86,19,112,57
iqtka.png,200,70,a,113,24,139,53
fbibx.png,200,70,f,30,26,49,65
fbibx.png,200,70,b,48,23,73,64
fbibx.png,200,70,i,73,16,86,60
fbibx.png,200,70,b,84,14,113,57
fbibx.png,200,70,x,114,25,142,54
fwalp.png,200,70,f,30,17,48,56
fwalp.png,200,70,w,50,22,87,54
fwalp.png,200,70,a,90,27,109,53
fwalp.png,200,70,l,112,14,126,59
fwalp.png,200,70,p,127,32,152,70
hqjll.png,200,70,h,29,15,54,52
hqjll.png,200,70,q,56,24,80,60
hqjll.png,200,70,j,83,16,96,64
hqjll.png,200,70,l,96,17,111,61
hqjll.png,200,70,l,111,20,125,63
amkny.png,200,70,a,30,38,50,66
amkny.png,200,70,m,54,33,96,64
amkny.png,200,70,n,124,25,154,55
amkny.png,200,70,k,95,18,123,58
amkny.png,200,70,y,152,24,180,62
fhnfj.png,200,70,f,30,26,48,65
fhnfj.png,200,70,h,50,22,73,59
fhnfj.png,200,70,n,74,27,102,53
fhnfj.png,200,70,f,104,8,121,53
fhnfj.png,200,70,j,125,11,136,60
fyflv.png,200,70,f,30,24,47,64
fyflv.png,200,70,y,49,30,76,69
fyflv.png,200,70,f,76,11,94,55
fyflv.png,200,70,l,95,11,109,52
fyflv.png,200,70,v,108,23,135,52
diymh.png,200,70,d,29,26,54,66
diymh.png,200,70,i,55,18,69,61
diymh.png,200,70,y,67,27,95,70
diymh.png,200,70,m,96,26,137,55
diymh.png,200,70,h,137,12,165,58
asudn.png,200,70,a,28,25,50,53
asudn.png,200,70,n,129,37,155,64
asudn.png,200,70,s,52,24,71,57
asudn.png,200,70,u,72,30,101,59
asudn.png,200,70,d,102,21,125,67
bciho.png,200,70,b,31,21,54,60
bciho.png,200,70,c,55,28,79,59
bciho.png,200,70,i,77,12,90,53
bciho.png,200,70,h,90,12,116,54
bciho.png,200,70,o,114,23,141,56
inrly.png,200,70,i,29,27,40,67
inrly.png,200,70,n,42,34,67,65
inrly.png,200,70,r,69,28,87,58
inrly.png,200,70,l,91,14,104,53
inrly.png,200,70,y,106,23,131,62
cxtah.png,200,70,c,29,34,52,66
cxtah.png,200,70,x,53,33,82,60
cxtah.png,200,70,t,81,21,100,56
cxtah.png,200,70,a,100,21,124,54
cxtah.png,200,70,h,123,12,151,56
hhdaq.png,200,70,h,30,26,54,65
hhdaq.png,200,70,h,56,21,81,60
hhdaq.png,200,70,d,83,14,108,55
hhdaq.png,200,70,a,110,26,136,52
hhdaq.png,200,70,q,135,25,161,64
fyucn.png,200,70,f,29,10,49,53
fyucn.png,200,70,y,49,24,74,64
fyucn.png,200,70,u,77,31,105,61
fyucn.png,200,70,c,106,36,127,66
fyucn.png,200,70,n,128,39,154,66
hajpo.png,200,70,h,30,21,54,60
hajpo.png,200,70,a,56,25,77,55
hajpo.png,200,70,j,82,12,94,59
hajpo.png,200,70,p,95,25,120,60
hajpo.png,200,70,o,121,29,147,56
hxurx.png,200,70,h,30,27,55,66
hxurx.png,200,70,x,58,35,87,62
hxurx.png,200,70,u,88,28,114,56
hxurx.png,200,70,r,114,24,133,55
hxurx.png,200,70,x,137,26,165,53
ipcxa.png,200,70,i,29,25,42,64
ipcxa.png,200,70,p,42,37,66,70
ipcxa.png,200,70,c,66,33,87,62
ipcxa.png,200,70,x,87,25,117,56
ipcxa.png,200,70,a,119,22,146,54
amlcc.png,200,70,a,30,24,51,52
amlcc.png,200,70,l,96,18,111,63
amlcc.png,200,70,m,53,24,95,59
amlcc.png,200,70,c,110,36,133,67
amlcc.png,200,70,c,132,39,157,67
bduat.png,200,70,b,29,16,52,57
bduat.png,200,70,d,55,14,80,54
bduat.png,200,70,u,83,21,110,51
bduat.png,200,70,a,109,30,133,61
bduat.png,200,70,t,134,27,155,67
awaus.png,200,70,a,27,38,54,65
awaus.png,200,70,a,93,25,118,55
awaus.png,200,70,w,55,27,92,64
awaus.png,200,70,u,120,22,146,52
awaus.png,200,70,s,148,22,166,56
hnrna.png,200,70,h,30,23,51,62
hnrna.png,200,70,n,57,28,82,55
hnrna.png,200,70,r,84,26,104,53
hnrna.png,200,70,n,106,24,134,54
hnrna.png,200,70,a,133,30,159,57
bvdpx.png,200,70,b,29,22,54,64
bvdpx.png,200,70,v,52,30,83,62
bvdpx.png,200,70,d,85,13,109,55
bvdpx.png,200,70,p,109,22,137,62
bvdpx.png,200,70,x,137,27,168,58
djimy.png,200,70,d,29,26,55,65
djimy.png,200,70,j,57,18,69,68
djimy.png,200,70,i,71,17,81,54
djimy.png,200,70,m,82,27,122,54
djimy.png,200,70,y,124,24,150,63
dollm.png,200,70,d,30,16,54,55
dollm.png,200,70,o,56,23,81,53
dollm.png,200,70,l,79,9,95,53
dollm.png,200,70,l,95,13,109,57
dollm.png,200,70,m,110,29,151,64
ctppx.png,200,70,c,28,36,52,67
ctppx.png,200,70,t,52,31,68,70
ctppx.png,200,70,p,69,35,95,70
ctppx.png,200,70,p,96,29,121,70
ctppx.png,200,70,x,121,27,151,51
fquqa.png,200,70,f,31,24,48,63
fquqa.png,200,70,q,48,30,74,68
fquqa.png,200,70,u,75,24,100,56
fquqa.png,200,70,q,102,23,128,62
fquqa.png,200,70,a,127,24,152,56
fpfdo.png,200,70,f,29,15,47,55
fpfdo.png,200,70,p,50,26,72,60
fpfdo.png,200,70,f,75,11,92,50
fpfdo.png,200,70,d,95,14,118,58
fpfdo.png,200,70,o,122,31,146,62
faufv.png,200,70,f,29,11,49,54
faufv.png,200,70,a,49,25,70,53
faufv.png,200,70,u,74,28,101,58
faufv.png,200,70,f,100,23,122,65
faufv.png,200,70,v,124,39,148,67
iaasv.png,200,70,i,29,23,40,62
iaasv.png,200,70,a,42,31,64,58
iaasv.png,200,70,a,67,26,86,52
iaasv.png,200,70,s,89,23,111,53
iaasv.png,200,70,v,110,23,135,54
cqjuv.png,200,70,c,29,34,53,65
cqjuv.png,200,70,q,52,38,74,70
cqjuv.png,200,70,j,76,22,90,70
cqjuv.png,200,70,u,93,29,117,58
cqjuv.png,200,70,v,119,26,147,55
hbwhx.png,200,70,h,30,25,55,64
hbwhx.png,200,70,b,56,16,83,58
hbwhx.png,200,70,w,83,23,119,52
hbwhx.png,200,70,h,123,10,148,59
hbwhx.png,200,70,x,151,30,177,61
iaxyk.png,200,70,i,30,11,41,51
iaxyk.png,200,70,a,41,27,62,54
iaxyk.png,200,70,x,68,29,96,59
iaxyk.png,200,70,y,97,35,119,70
iaxyk.png,200,70,k,126,26,153,67
audft.png,200,70,a,27,37,52,67
audft.png,200,70,t,130,18,146,52
audft.png,200,70,u,53,34,83,66
audft.png,200,70,d,83,20,109,60
audft.png,200,70,f,110,12,127,54
ftodc.png,200,70,f,30,24,48,64
ftodc.png,200,70,t,49,30,65,66
ftodc.png,200,70,o,67,30,90,59
ftodc.png,200,70,d,91,14,116,56
ftodc.png,200,70,c,119,22,140,54
biajk.png,200,70,b,31,12,54,54
biajk.png,200,70,i,56,11,67,50
biajk.png,200,70,j,93,17,105,64
biajk.png,200,70,a,67,24,90,54
biajk.png,200,70,k,106,20,139,65
hbiay.png,200,70,h,30,11,54,53
hbiay.png,200,70,b,57,12,81,58
hbiay.png,200,70,i,83,19,96,61
hbiay.png,200,70,a,94,35,119,64
hbiay.png,200,70,y,120,37,145,70
asnfr.png,200,70,a,30,24,51,56
asnfr.png,200,70,n,73,25,99,57
asnfr.png,200,70,s,53,23,71,53
asnfr.png,200,70,f,100,13,120,62
asnfr.png,200,70,r,117,32,140,62
fqsth.png,200,70,f,28,26,48,65
fqsth.png,200,70,q,48,38,72,70
fqsth.png,200,70,s,73,33,92,63
fqsth.png,200,70,t,92,25,110,59
fqsth.png,200,70,h,110,14,135,55
aoahr.png,200,70,a,30,32,52,61
aoahr.png,200,70,a,79,24,102,54
aoahr.png,200,70,o,52,26,77,59
aoahr.png,200,70,h,103,12,131,56
aoahr.png,200,70,r,131,27,151,58
hkfra.png,200,70,h,30,12,54,52
hkfra.png,200,70,k,57,12,84,57
hkfra.png,200,70,f,84,17,105,61
hkfra.png,200,70,r,104,35,123,64
hkfra.png,200,70,a,125,38,150,65
coqdp.png,200,70,c,28,37,52,68
coqdp.png,200,70,o,51,33,76,66
coqdp.png,200,70,q,76,30,101,67
coqdp.png,200,70,d,103,13,128,54
coqdp.png,200,70,p,129,24,154,59
fcwbj.png,200,70,f,29,11,49,51
fcwbj.png,200,70,c,48,24,71,53
fcwbj.png,200,70,w,72,26,108,54
fcwbj.png,200,70,b,110,21,135,66
fcwbj.png,200,70,j,138,26,150,70
cwsyx.png,200,70,c,29,24,53,55
cwsyx.png,200,70,w,53,23,89,56
cwsyx.png,200,70,s,90,31,109,62
cwsyx.png,200,70,y,110,37,134,70
cwsyx.png,200,70,x,138,39,167,66
hrmpw.png,200,70,h,30,27,54,67
hrmpw.png,200,70,r,56,35,76,61
hrmpw.png,200,70,m,78,28,119,57
hrmpw.png,200,70,p,120,22,145,62
hrmpw.png,200,70,w,146,25,183,53
bwybf.png,200,70,b,28,19,56,63
bwybf.png,200,70,b,124,13,148,59
bwybf.png,200,70,w,58,23,93,58
bwybf.png,200,70,y,94,23,122,62
bwybf.png,200,70,f,149,16,169,60
dmkaf.png,200,70,d,28,24,54,62
dmkaf.png,200,70,m,56,28,99,56
dmkaf.png,200,70,k,97,12,125,52
dmkaf.png,200,70,a,128,26,151,55
dmkaf.png,200,70,f,153,18,170,61
flabm.png,200,70,f,30,11,48,53
flabm.png,200,70,l,48,11,63,54
flabm.png,200,70,a,62,27,84,54
flabm.png,200,70,b,87,11,113,59
flabm.png,200,70,m,114,37,155,65
hcccd.png,200,70,h,29,19,53,57
hcccd.png,200,70,c,56,23,77,55
hcccd.png,200,70,d,124,19,149,62
hcccd.png,200,70,c,100,24,121,56
hcccd.png,200,70,c,78,21,99,53
fnjpa.png,200,70,f,29,10,46,51
fnjpa.png,200,70,n,48,23,74,55
fnjpa.png,200,70,j,76,15,91,65
fnjpa.png,200,70,p,93,29,116,70
fnjpa.png,200,70,a,115,39,142,66
chatj.png,200,70,c,29,24,53,55
chatj.png,200,70,h,53,7,76,53
chatj.png,200,70,a,76,27,103,58
chatj.png,200,70,t,102,25,123,64
chatj.png,200,70,j,123,22,134,70
iaqtl.png,200,70,i,30,22,40,63
iaqtl.png,200,70,a,41,31,65,57
iaqtl.png,200,70,q,67,26,93,63
iaqtl.png,200,70,t,92,19,112,54
iaqtl.png,200,70,l,110,8,126,54
cbsms.png,200,70,c,29,25,52,53
cbsms.png,200,70,b,52,10,76,57
cbsms.png,200,70,s,77,31,95,62
cbsms.png,200,70,m,95,35,135,66
cbsms.png,200,70,s,136,37,155,68
bkrmj.png,200,70,b,32,15,52,53
bkrmj.png,200,70,k,55,11,81,53
bkrmj.png,200,70,r,82,26,105,55
bkrmj.png,200,70,m,107,32,148,65
bkrmj.png,200,70,j,147,23,163,70
bukab.png,200,70,b,30,11,55,53
bukab.png,200,70,b,135,24,166,65
bukab.png,200,70,u,56,22,81,51
bukab.png,200,70,k,82,15,112,59
bukab.png,200,70,a,114,33,137,64
aomly.png,200,70,a,26,29,52,58
aomly.png,200,70,l,121,12,136,59
aomly.png,200,70,m,79,25,119,54
aomly.png,200,70,o,51,26,77,55
aomly.png,200,70,y,135,31,162,69
cdpht.png,200,70,c,28,37,52,68
cdpht.png,200,70,d,52,25,76,69
cdpht.png,200,70,p,78,34,103,70
cdpht.png,200,70,h,103,18,129,55
cdpht.png,200,70,t,130,17,150,53
dslos.png,200,70,d,29,22,53,61
dslos.png,200,70,s,56,27,74,56
dslos.png,200,70,l,74,12,86,54
dslos.png,200,70,o,88,26,112,52
dslos.png,200,70,s,113,26,131,54
docbb.png,200,70,d,28,18,54,58
docbb.png,200,70,o,54,25,80,51
docbb.png,200,70,c,80,23,104,52
docbb.png,200,70,b,104,13,128,56
docbb.png,200,70,b,129,18,154,61
iflaq.png,200,70,i,29,26,40,65
iflaq.png,200,70,f,42,21,60,67
iflaq.png,200,70,l,61,21,74,61
iflaq.png,200,70,a,73,29,97,58
iflaq.png,200,70,q,100,23,125,63
aopak.png,200,70,a,27,22,52,53
aopak.png,200,70,a,104,32,129,63
aopak.png,200,70,o,53,23,77,57
aopak.png,200,70,p,78,25,105,67
aopak.png,200,70,k,128,26,159,69
dufwa.png,200,70,d,29,18,54,57
dufwa.png,200,70,u,58,24,81,53
dufwa.png,200,70,f,84,12,101,53
dufwa.png,200,70,w,104,28,138,55
dufwa.png,200,70,a,143,38,169,65
axaaa.png,200,70,a,28,29,53,58
axaaa.png,200,70,a,85,23,107,53
axaaa.png,200,70,a,109,26,133,56
axaaa.png,200,70,a,135,30,160,62
axaaa.png,200,70,x,57,25,82,54
asdyi.png,200,70,a,26,28,54,59
asdyi.png,200,70,s,54,26,72,56
asdyi.png,200,70,d,74,11,98,54
asdyi.png,200,70,y,99,24,124,62
asdyi.png,200,70,i,126,17,140,58
bmkoo.png,200,70,b,29,23,54,64
bmkoo.png,200,70,m,56,27,96,58
bmkoo.png,200,70,k,98,12,125,53
bmkoo.png,200,70,o,126,22,152,54
bmkoo.png,200,70,o,152,30,177,59
dqnpb.png,200,70,d,28,24,53,64
dqnpb.png,200,70,q,57,28,82,66
dqnpb.png,200,70,n,82,23,108,52
dqnpb.png,200,70,p,110,24,134,61
dqnpb.png,200,70,b,137,14,163,58
dydhq.png,200,70,d,29,27,56,66
dydhq.png,200,70,y,58,35,82,70
dydhq.png,200,70,d,85,21,110,60
dydhq.png,200,70,h,112,16,135,55
dydhq.png,200,70,q,140,24,164,61
dabcc.png,200,70,d,29,14,53,54
dabcc.png,200,70,a,55,25,79,54
dabcc.png,200,70,b,81,11,109,57
dabcc.png,200,70,c,107,32,131,63
dabcc.png,200,70,c,130,37,153,66
fqphq.png,200,70,f,31,13,48,54
fqphq.png,200,70,q,49,24,73,60
fqphq.png,200,70,p,76,24,100,60
fqphq.png,200,70,h,100,17,126,60
fqphq.png,200,70,q,128,35,152,70
iqmic.png,200,70,i,30,21,39,61
iqmic.png,200,70,q,40,28,67,70
iqmic.png,200,70,m,67,25,107,52
iqmic.png,200,70,i,109,13,120,53
iqmic.png,200,70,c,122,27,146,58
axhpn.png,200,70,a,29,38,51,66
axhpn.png,200,70,n,138,23,167,55
axhpn.png,200,70,x,53,35,85,65
axhpn.png,200,70,h,84,21,110,58
axhpn.png,200,70,p,111,25,138,63
ftxpy.png,200,70,f,30,25,49,64
ftxpy.png,200,70,t,49,29,66,64
ftxpy.png,200,70,x,68,29,95,58
ftxpy.png,200,70,p,96,24,124,63
ftxpy.png,200,70,y,125,22,149,61
bjbqk.png,200,70,b,31,16,54,60
bjbqk.png,200,70,b,70,13,95,56
bjbqk.png,200,70,j,55,12,70,59
bjbqk.png,200,70,q,95,21,121,66
bjbqk.png,200,70,k,120,16,152,65
dfupt.png,200,70,d,27,26,56,67
dfupt.png,200,70,f,56,23,73,63
dfupt.png,200,70,u,74,32,104,59
dfupt.png,200,70,p,102,25,130,63
dfupt.png,200,70,t,129,17,149,54
aoofy.png,200,70,a,28,24,51,53
aoofy.png,200,70,o,52,26,79,58
aoofy.png,200,70,o,80,31,106,65
aoofy.png,200,70,f,105,23,123,67
aoofy.png,200,70,y,124,37,152,70
axwnk.png,200,70,a,27,29,53,57
axwnk.png,200,70,n,124,31,152,63
axwnk.png,200,70,x,56,24,84,53
axwnk.png,200,70,w,85,22,123,50
axwnk.png,200,70,k,152,22,181,67
iujji.png,200,70,i,30,23,40,64
iujji.png,200,70,u,42,33,70,62
iujji.png,200,70,j,69,15,85,64
iujji.png,200,70,j,83,13,99,62
iujji.png,200,70,i,96,9,111,54
bslma.png,200,70,b,31,8,52,54
bslma.png,200,70,s,52,21,74,57
bslma.png,200,70,l,74,12,87,55
bslma.png,200,70,m,87,29,128,64
bslma.png,200,70,a,130,37,154,66
frmam.png,200,70,f,29,25,49,67
frmam.png,200,70,r,47,39,69,65
frmam.png,200,70,m,71,28,110,63
frmam.png,200,70,a,111,26,133,53
frmam.png,200,70,m,136,24,178,56
flwmp.png,200,70,f,29,25,47,67
flwmp.png,200,70,l,48,27,63,65
flwmp.png,200,70,w,64,28,101,64
flwmp.png,200,70,m,103,27,142,53
flwmp.png,200,70,p,146,24,171,62
dpfnf.png,200,70,d,29,12,53,51
dpfnf.png,200,70,p,57,28,81,65
dpfnf.png,200,70,f,82,17,100,62
dpfnf.png,200,70,n,99,36,130,65
dpfnf.png,200,70,f,130,21,149,65
aytur.png,200,70,a,27,27,51,55
aytur.png,200,70,y,54,24,81,64
aytur.png,200,70,t,80,19,103,54
aytur.png,200,70,u,100,24,127,55
aytur.png,200,70,r,128,30,149,60
ffxqs.png,200,70,f,30,26,47,65
ffxqs.png,200,70,f,48,24,66,65
ffxqs.png,200,70,x,69,34,97,63
ffxqs.png,200,70,q,99,27,124,66
ffxqs.png,200,70,s,124,26,142,52
awsca.png,200,70,a,27,38,52,65
awsca.png,200,70,a,134,24,156,52
awsca.png,200,70,w,55,27,93,65
awsca.png,200,70,s,91,24,113,55
awsca.png,200,70,c,113,24,136,54
bjhib.png,200,70,b,30,9,53,52
bjhib.png,200,70,b,110,23,135,65
bjhib.png,200,70,j,56,13,67,64
bjhib.png,200,70,h,68,16,96,60
bjhib.png,200,70,i,95,18,111,64
ibymw.png,200,70,i,29,26,42,66
ibymw.png,200,70,b,42,22,67,64
ibymw.png,200,70,y,68,28,93,69
ibymw.png,200,70,m,96,26,137,54
ibymw.png,200,70,w,137,27,175,52
apdmo.png,200,70,a,27,23,51,51
apdmo.png,200,70,m,107,36,148,65
apdmo.png,200,70,p,55,21,78,63
apdmo.png,200,70,d,81,16,108,63
apdmo.png,200,70,o,152,36,174,66
fosam.png,200,70,f,29,12,47,52
fosam.png,200,70,a,48,24,71,53
fosam.png,200,70,s,72,27,89,58
fosam.png,200,70,a,90,32,116,60
fosam.png,200,70,m,117,37,156,65
bjvac.png,200,70,b,31,9,53,50
bjvac.png,200,70,j,56,14,69,64
bjvac.png,200,70,v,70,30,96,60
bjvac.png,200,70,a,97,35,119,65
bjvac.png,200,70,c,120,37,146,68
hykqv.png,200,70,h,30,15,54,54
hykqv.png,200,70,y,56,24,83,59
hykqv.png,200,70,k,85,12,113,58
hykqv.png,200,70,q,113,31,139,70
hykqv.png,200,70,v,142,37,165,66
hfcxd.png,200,70,h,29,25,55,66
hfcxd.png,200,70,f,56,23,75,66
hfcxd.png,200,70,c,75,34,97,62
hfcxd.png,200,70,x,98,28,126,57
hfcxd.png,200,70,d,130,12,152,53
cmvqo.png,200,70,c,28,23,52,54
cmvqo.png,200,70,m,52,23,92,59
cmvqo.png,200,70,v,94,30,117,58
cmvqo.png,200,70,q,121,36,144,70
cmvqo.png,200,70,o,147,38,173,65
bvadc.png,200,70,b,29,19,56,63
bvadc.png,200,70,v,56,26,81,59
bvadc.png,200,70,a,82,23,107,53
bvadc.png,200,70,d,109,12,133,54
bvadc.png,200,70,c,137,27,158,61
dattf.png,200,70,d,29,26,56,68
dattf.png,200,70,a,57,35,79,62
dattf.png,200,70,t,81,22,100,60
dattf.png,200,70,t,99,18,118,56
dattf.png,200,70,f,121,8,136,54
iqwnr.png,200,70,i,28,11,42,51
iqwnr.png,200,70,q,42,21,68,65
iqwnr.png,200,70,w,69,32,102,58
iqwnr.png,200,70,n,108,39,134,67
iqwnr.png,200,70,r,135,37,156,64
ibxwu.png,200,70,i,29,12,41,53
ibxwu.png,200,70,b,44,8,67,53
ibxwu.png,200,70,x,70,27,97,58
ibxwu.png,200,70,w,98,30,136,60
ibxwu.png,200,70,u,138,38,166,65
fjvao.png,200,70,f,30,24,45,64
fjvao.png,200,70,j,48,22,62,67
fjvao.png,200,70,v,63,28,87,58
fjvao.png,200,70,a,89,24,115,52
fjvao.png,200,70,o,115,24,142,51
ctina.png,200,70,c,27,32,51,61
ctina.png,200,70,t,52,23,68,59
ctina.png,200,70,i,69,14,81,53
ctina.png,200,70,n,82,22,108,54
ctina.png,200,70,a,110,27,133,56
dssok.png,200,70,d,30,27,54,67
dssok.png,200,70,s,55,33,73,62
dssok.png,200,70,s,73,29,91,58
dssok.png,200,70,o,93,27,116,55
dssok.png,200,70,k,117,13,146,52
htofr.png,200,70,h,30,25,54,61
htofr.png,200,70,t,56,26,74,60
htofr.png,200,70,o,73,26,100,55
htofr.png,200,70,f,100,10,116,53
htofr.png,200,70,r,118,25,137,53
amlac.png,200,70,a,29,35,51,65
amlac.png,200,70,a,110,24,132,54
amlac.png,200,70,l,95,9,110,52
amlac.png,200,70,m,52,27,92,55
amlac.png,200,70,c,135,24,161,57
bsaqd.png,200,70,b,30,19,53,58
bsaqd.png,200,70,s,54,24,74,60
bsaqd.png,200,70,a,73,23,94,52
bsaqd.png,200,70,q,95,22,125,63
bsaqd.png,200,70,d,123,16,151,61
fbpvc.png,200,70,f,29,11,48,51
fbpvc.png,200,70,b,49,12,73,58
fbpvc.png,200,70,p,75,32,99,70
fbpvc.png,200,70,v,102,36,126,65
fbpvc.png,200,70,c,130,38,151,67
cwbnw.png,200,70,c,28,35,52,66
cwbnw.png,200,70,w,52,27,91,60
cwbnw.png,200,70,b,91,11,117,52
cwbnw.png,200,70,n,117,23,145,54
cwbnw.png,200,70,w,145,27,180,55
hxxbd.png,200,70,b,31,11,55,53
hxxbd.png,200,70,x,56,26,86,53
hxxbd.png,200,70,x,87,29,115,58
hxxbd.png,200,70,b,116,21,142,62
hxxbd.png,200,70,d,144,27,168,67
axusx.png,200,70,a,29,28,51,56
axusx.png,200,70,x,56,25,86,54
axusx.png,200,70,x,132,34,164,66
axusx.png,200,70,u,87,23,113,53
axusx.png,200,70,s,113,29,132,60
ilsca.png,200,70,i,28,12,42,52
ilsca.png,200,70,l,42,11,54,53
ilsca.png,200,70,s,54,28,73,57
ilsca.png,200,70,c,74,31,95,60
ilsca.png,200,70,a,94,36,119,66
haufa.png,200,70,h,30,15,54,54
haufa.png,200,70,a,55,20,78,51
haufa.png,200,70,u,83,22,110,58
haufa.png,200,70,f,110,16,127,62
haufa.png,200,70,a,127,38,153,65
hpxqc.png,200,70,h,29,26,53,66
hpxqc.png,200,70,p,57,36,81,70
hpxqc.png,200,70,x,84,30,110,58
hpxqc.png,200,70,q,113,25,139,60
hpxqc.png,200,70,c,140,25,163,54
cjnoi.png,200,70,c,29,29,53,60
cjnoi.png,200,70,j,51,11,64,63
cjnoi.png,200,70,n,67,24,91,52
cjnoi.png,200,70,o,91,24,118,54
cjnoi.png,200,70,i,118,15,129,58
dqprn.png,200,70,d,29,18,55,61
dqprn.png,200,70,q,56,24,83,64
dqprn.png,200,70,p,83,24,108,62
dqprn.png,200,70,r,109,26,127,55
dqprn.png,200,70,n,131,31,157,62
fcjlx.png,200,70,f,30,11,48,52
fcjlx.png,200,70,c,49,27,70,58
fcjlx.png,200,70,j,71,20,83,70
fcjlx.png,200,70,l,85,18,99,63
fcjlx.png,200,70,x,99,38,127,67
hiacf.png,200,70,h,28,26,56,65
hiacf.png,200,70,o,55,34,80,62
hiacf.png,200,70,a,80,28,105,57
hiacf.png,200,70,c,107,25,129,52
hiacf.png,200,70,f,130,9,147,52
insim.png,200,70,i,30,19,42,59
insim.png,200,70,n,43,30,66,56
insim.png,200,70,s,71,21,86,54
insim.png,200,70,i,86,12,97,55
insim.png,200,70,m,99,24,143,59
hdana.png,200,70,h,30,26,52,63
hdana.png,200,70,d,56,20,82,60
hdana.png,200,70,a,83,27,105,53
hdana.png,200,70,n,108,25,135,53
hdana.png,200,70,a,136,25,161,56
dlqyk.png,200,70,d,29,27,54,66
dlqyk.png,200,70,l,56,20,69,61
dlqyk.png,200,70,q,70,29,96,68
dlqyk.png,200,70,y,95,26,123,63
dlqyk.png,200,70,k,125,12,151,55
arsam.png,200,70,a,27,35,53,65
arsam.png,200,70,a,94,24,116,51
arsam.png,200,70,m,120,25,160,60
arsam.png,200,70,r,53,28,74,58
arsam.png,200,70,s,73,25,94,57
fabqn.png,200,70,f,30,26,49,66
fabqn.png,200,70,a,49,39,69,66
fabqn.png,200,70,b,72,22,99,61
fabqn.png,200,70,q,99,27,125,66
fabqn.png,200,70,n,126,24,151,55
bvjlv.png,200,70,b,31,25,55,65
bvjlv.png,200,70,v,54,33,83,65
bvjlv.png,200,70,v,112,23,138,53
bvjlv.png,200,70,j,83,14,98,68
bvjlv.png,200,70,l,96,12,113,53
caydp.png,200,70,c,29,25,51,54
caydp.png,200,70,a,51,25,74,53
caydp.png,200,70,y,76,29,101,69
caydp.png,200,70,d,105,23,131,68
caydp.png,200,70,p,132,38,156,70
hamms.png,200,70,h,30,11,53,52
hamms.png,200,70,a,57,26,78,55
hamms.png,200,70,m,82,32,123,66
hamms.png,200,70,m,125,39,163,64
hamms.png,200,70,s,166,33,183,64
caryr.png,200,70,c,29,23,51,52
caryr.png,200,70,a,50,25,73,53
caryr.png,200,70,r,75,28,96,59
caryr.png,200,70,r,126,36,146,66
caryr.png,200,70,y,98,34,122,70
aqlmc.png,200,70,a,27,31,53,60
aqlmc.png,200,70,l,78,9,96,52
aqlmc.png,200,70,m,96,24,134,56
aqlmc.png,200,70,q,54,28,81,66
aqlmc.png,200,70,c,137,27,163,61
daywq.png,200,70,d,28,11,55,55
daywq.png,200,70,a,54,25,82,52
daywq.png,200,70,y,82,27,106,69
daywq.png,200,70,w,110,36,147,61
daywq.png,200,70,q,151,39,172,70
cysxu.png,200,70,c,29,36,52,68
cysxu.png,200,70,y,49,33,79,70
cysxu.png,200,70,s,79,28,95,59
cysxu.png,200,70,x,97,25,126,56
cysxu.png,200,70,u,129,19,158,52
cfviw.png,200,70,c,28,37,52,68
cfviw.png,200,70,f,52,21,70,68
cfviw.png,200,70,v,70,30,96,63
cfviw.png,200,70,i,96,15,112,56
cfviw.png,200,70,w,111,22,148,52
fsubt.png,200,70,f,29,26,47,65
fsubt.png,200,70,s,48,37,66,67
fsubt.png,200,70,u,68,35,95,64
fsubt.png,200,70,b,94,17,120,58
fsubt.png,200,70,t,121,19,137,53
ftivn.png,200,70,f,29,21,48,60
ftivn.png,200,70,t,49,22,66,59
ftivn.png,200,70,i,65,14,78,53
ftivn.png,200,70,v,78,24,105,53
ftivn.png,200,70,n,106,23,136,56
auryt.png,200,70,a,28,40,53,67
auryt.png,200,70,u,55,31,81,66
auryt.png,200,70,r,81,25,101,56
auryt.png,200,70,y,102,24,129,63
auryt.png,200,70,t,132,17,152,51
axwur.png,200,70,a,29,40,51,67
axwur.png,200,70,x,54,35,85,62
axwur.png,200,70,w,83,24,124,58
axwur.png,200,70,u,127,21,154,52
axwur.png,200,70,r,152,23,176,55
fkivr.png,200,70,f,29,26,46,64
fkivr.png,200,70,k,48,28,73,65
fkivr.png,200,70,i,75,23,89,61
fkivr.png,200,70,v,90,29,116,60
fkivr.png,200,70,r,117,26,136,55
fxwsh.png,200,70,f,30,17,48,55
fxwsh.png,200,70,x,50,24,79,52
fxwsh.png,200,70,w,81,24,117,53
fxwsh.png,200,70,s,119,30,138,62
fxwsh.png,200,70,h,137,21,162,64
djscd.png,200,70,d,29,27,55,65
djscd.png,200,70,j,55,21,71,68
djscd.png,200,70,s,69,28,86,58
djscd.png,200,70,c,87,21,109,56
djscd.png,200,70,d,111,12,135,52
dajiu.png,200,70,d,29,12,55,52
dajiu.png,200,70,a,56,24,77,54
dajiu.png,200,70,j,82,14,94,65
dajiu.png,200,70,i,94,19,108,59
dajiu.png,200,70,u,108,32,135,64
cfhou.png,200,70,c,28,37,52,68
cfhou.png,200,70,f,52,21,70,66
cfhou.png,200,70,h,70,22,95,59
cfhou.png,200,70,o,97,27,124,55
cfhou.png,200,70,u,122,23,151,52
fxbpf.png,200,70,f,31,26,47,65
fxbpf.png,200,70,x,50,35,78,63
fxbpf.png,200,70,b,80,14,105,58
fxbpf.png,200,70,p,105,23,130,61
fxbpf.png,200,70,f,131,9,150,53
arvkp.png,200,70,a,29,38,53,65
arvkp.png,200,70,r,54,35,75,64
arvkp.png,200,70,v,76,30,102,60
arvkp.png,200,70,k,102,13,131,57
arvkp.png,200,70,p,130,23,157,60
btpcw.png,200,70,b,30,22,55,65
btpcw.png,200,70,t,55,26,73,62
btpcw.png,200,70,p,73,25,98,66
btpcw.png,200,70,c,100,24,123,55
btpcw.png,200,70,w,123,20,157,52
bumua.png,200,70,b,30,23,55,65
bumua.png,200,70,u,55,33,83,64
bumua.png,200,70,u,125,21,153,51
bumua.png,200,70,m,84,28,124,55
bumua.png,200,70,a,153,26,178,55
aqala.png,200,70,a,25,31,51,62
aqala.png,200,70,a,79,23,106,54
aqala.png,200,70,a,119,25,144,55
aqala.png,200,70,l,104,11,119,55
aqala.png,200,70,q,53,27,82,67
apwtr.png,200,70,a,29,22,53,53
apwtr.png,200,70,p,57,24,79,66
apwtr.png,200,70,w,80,28,116,58
apwtr.png,200,70,t,122,29,136,68
apwtr.png,200,70,r,138,37,158,65
bvoat.png,200,70,b,30,10,52,52
bvoat.png,200,70,v,55,23,82,55
bvoat.png,200,70,o,82,27,107,61
bvoat.png,200,70,a,108,38,133,64
bvoat.png,200,70,l,132,24,149,66
bxvpa.png,200,70,b,30,9,54,53
bxvpa.png,200,70,x,55,24,82,53
bxvpa.png,200,70,v,88,27,111,56
bxvpa.png,200,70,p,115,34,142,70
bxvpa.png,200,70,a,142,37,165,68
bhwxo.png,200,70,b,31,25,54,67
bhwxo.png,200,70,h,56,27,81,65
bhwxo.png,200,70,w,82,26,123,63
bhwxo.png,200,70,x,124,25,153,51
bhwxo.png,200,70,o,155,23,179,53
hcapa.png,200,70,h,30,24,53,62
hcapa.png,200,70,c,54,30,78,60
hcapa.png,200,70,a,77,27,105,55
hcapa.png,200,70,p,104,25,129,61
hcapa.png,200,70,a,130,24,154,55
fdkha.png,200,70,f,30,20,47,60
fdkha.png,200,70,d,48,17,75,58
fdkha.png,200,70,k,75,13,104,53
fdkha.png,200,70,h,104,12,131,54
fdkha.png,200,70,a,130,30,157,58
fhxhj.png,200,70,f,28,14,48,53
fhxhj.png,200,70,b,49,11,73,52
fhxhj.png,200,70,x,75,25,102,55
fhxhj.png,200,70,b,105,17,132,61
fhxhj.png,200,70,j,133,25,145,70
fhbik.png,200,70,f,29,28,48,65
fhbik.png,200,70,h,49,27,74,65
fhbik.png,200,70,b,76,19,101,59
fhbik.png,200,70,i,101,16,113,54
fhbik.png,200,70,k,113,14,141,54
avnnl.png,200,70,a,27,27,55,58
avnnl.png,200,70,l,137,18,153,62
avnnl.png,200,70,n,110,26,138,60
avnnl.png,200,70,n,82,25,109,54
avnnl.png,200,70,v,55,21,79,57
cqxbm.png,200,70,c,29,36,53,67
cqxbm.png,200,70,q,51,37,75,70
cqxbm.png,200,70,x,78,33,105,61
cqxbm.png,200,70,b,108,10,134,56
cqxbm.png,200,70,m,136,25,176,53
dpkkv.png,200,70,d,29,12,55,52
dpkkv.png,200,70,p,55,25,80,62
dpkkv.png,200,70,k,83,17,110,61
dpkkv.png,200,70,k,111,19,139,64
dpkkv.png,200,70,v,139,38,169,67
dbbix.png,200,70,d,28,26,53,67
dbbix.png,200,70,b,56,21,81,65
dbbix.png,200,70,b,83,16,108,60
dbbix.png,200,70,i,108,11,120,54
dbbix.png,200,70,x,121,26,151,51
fpama.png,200,70,f,30,22,48,60
fpama.png,200,70,p,49,26,74,67
fpama.png,200,70,a,74,24,96,51
fpama.png,200,70,m,99,25,139,56
fpama.png,200,70,a,142,31,165,60
btlka.png,200,70,b,29,14,54,57
btlka.png,200,70,t,53,19,73,56
btlka.png,200,70,l,73,10,88,54
btlka.png,200,70,k,88,11,114,55
btlka.png,200,70,a,115,28,143,57
dcaaf.png,200,70,d,29,12,54,52
dcaaf.png,200,70,c,56,25,75,54
dcaaf.png,200,70,a,78,30,102,60
dcaaf.png,200,70,a,103,36,125,64
dcaaf.png,200,70,f,129,26,146,66
ftdai.png,200,70,f,30,26,48,65
ftdai.png,200,70,t,48,32,66,68
ftdai.png,200,70,d,66,24,92,65
ftdai.png,200,70,a,92,27,116,58
ftdai.png,200,70,i,117,15,132,54
fhrki.png,200,70,f,30,24,48,63
fhrki.png,200,70,h,50,24,70,60
fhrki.png,200,70,r,75,27,94,56
fhrki.png,200,70,k,97,13,124,53
fhrki.png,200,70,i,126,11,140,52
aoada.png,200,70,a,29,36,52,66
aoada.png,200,70,a,80,30,100,58
aoada.png,200,70,a,132,24,152,52
aoada.png,200,70,o,53,33,78,62
aoada.png,200,70,d,104,13,128,54
cjyar.png,200,70,c,29,36,53,67
cjyar.png,200,70,j,51,22,65,70
cjyar.png,200,70,a,65,30,89,60
cjyar.png,200,70,y,90,24,116,64
cjyar.png,200,70,r,117,25,139,54
cmixt.png,200,70,c,30,40,51,66
cmixt.png,200,70,m,52,35,90,65
cmixt.png,200,70,i,93,17,106,59
cmixt.png,200,70,x,107,28,136,56
cmixt.png,200,70,t,136,18,156,53
hlsns.png,200,70,h,30,25,54,66
hlsns.png,200,70,l,56,26,70,65
hlsns.png,200,70,s,70,35,86,62
hlsns.png,200,70,n,88,30,114,57
hlsns.png,200,70,s,116,26,135,54
hmykx.png,200,70,h,29,26,55,65
hmykx.png,200,70,m,56,29,98,64
hmykx.png,200,70,y,98,23,125,65
hmykx.png,200,70,k,126,13,154,52
hmykx.png,200,70,x,156,27,186,57
athaq.png,200,70,a,27,26,55,54
athaq.png,200,70,a,100,29,122,61
athaq.png,200,70,t,53,16,70,53
athaq.png,200,70,h,70,11,98,55
athaq.png,200,70,q,125,33,150,70
bucri.png,200,70,b,30,11,55,53
bucri.png,200,70,u,55,23,83,57
bucri.png,200,70,c,84,28,107,61
bucri.png,200,70,r,106,35,125,65
bucri.png,200,70,i,125,27,140,67
dikat.png,200,70,d,28,12,53,52
dikat.png,200,70,i,54,13,67,53
dikat.png,200,70,k,68,16,96,61
dikat.png,200,70,a,96,36,120,64
dikat.png,200,70,t,122,31,141,68
dlusl.png,200,70,d,29,17,53,55
dlusl.png,200,70,l,55,11,71,54
dlusl.png,200,70,u,70,25,98,54
dlusl.png,200,70,s,97,26,117,58
dlusl.png,200,70,l,117,18,130,61
fmvlr.png,200,70,f,30,11,46,53
fmvlr.png,200,70,m,49,25,89,58
fmvlr.png,200,70,v,91,30,119,61
fmvlr.png,200,70,l,118,24,132,65
fmvlr.png,200,70,r,130,37,150,65
fhdau.png,200,70,f,29,12,48,52
fhdau.png,200,70,h,51,13,71,53
fhdau.png,200,70,d,76,14,100,58
fhdau.png,200,70,a,103,32,125,62
fhdau.png,200,70,u,128,36,156,66
bvxxd.png,200,70,b,29,14,55,53
bvxxd.png,200,70,v,57,23,82,53
bvxxd.png,200,70,x,85,26,111,58
bvxxd.png,200,70,x,114,29,145,64
bvxxd.png,200,70,d,146,24,171,69
